text,label
"Artificial intelligence is the ability of machines to perform tasks that normally require human thinking and learning. It works by using data and algorithms to recognize patterns, make decisions, and improve over time. Instead of following only fixed instructions, AI systems adapt based on experience. This helps them understand language, analyze information, and solve problems efficiently in everyday applications across industries such as healthcare, finance, education, and transportation, making processes faster, more accurate, and easier for people worldwide today globally.",chatgpt
"Artificial intelligence involves computer systems built to perform specific tasks which normally require human cognition and reasoning skills. This technology learns from vast information, identifies intricate patterns, and makes autonomous choices. Rather than executing fixed code, AI utilizes sophisticated neural networks to process big data while improving its accuracy through iteration. It enables modern applications such as facial recognition, language translation, and strategic games. Basically, AI mimics human mental processes to efficiently solve various complex problems found within our world.",gemini
"Artificial intelligence, or AI, is the ability of computers to perform tasks that normally require human intelligence. This includes understanding language, recognizing images, making decisions, and learning from past experience. AI systems are trained on massive amounts of data, allowing them to identify patterns and continuously improve over time. Think of it like teaching a child — the more examples they see, the smarter they gradually become. AI powers many everyday tools like search engines, voice assistants, and recommendation systems.",claude
"Artificial intelligence is the science of designing machines and software that can perform tasks requiring human-like intelligence. It enables computers to process information, learn from data, identify patterns, and make decisions without needing explicit instructions for every detail. Through algorithms and models, AI systems can adapt and improve their performance over time. In simple terms, it is about teaching computers to think and act intelligently, allowing them to solve problems and carry out tasks in ways similar to human reasoning.",copilot
"Binary search is an efficient algorithm for finding a specific value within a sorted list. Instead of checking every single element one by one, it repeatedly divides the list in half. It always starts at the middle element — if that matches the target, the search ends immediately. If the target is smaller, it searches the left half; if larger, it searches the right half. This process continues repeating until the value is found or the list is completely exhausted.",claude
"Binary search is an efficient algorithm used to find a target value in a sorted array or list. It works by repeatedly dividing the search range in half. First, it compares the target with the middle element. If equal, the search ends. If smaller, it continues in the left half; if larger, in the right half. This process repeats until the value is found or the range becomes empty. It reduces time complexity significantly compared to linear search methods overall.",chatgpt
"Binary search is an efficient algorithm used to find a target value within a sorted array by repeatedly dividing the search interval in half. It begins by comparing the target to the middle element. If they do not match, the half where the value cannot exist is discarded. This process continues until the element is located or the interval is empty. Its time complexity is logarithmic, making it exponentially faster than linear search for extremely large, sorted collections of data.",gemini
"Binary search is an efficient algorithm used to find a target value in a sorted list by repeatedly dividing the search range in half. It begins by comparing the target with the middle element. If they match, the search ends. If the target is smaller, the search continues in the left half; if larger, in the right half. This process repeats until the element is found or the range is empty. Its time complexity is logarithmic, making it very fast.",copilot
"The internet is a global network of interconnected computers that communicate using standardized protocols. When you request a webpage, your device sends small data packets through routers across different networks to a server. The server processes the request and returns the necessary information as packets. These packets travel back and are reassembled on your device to display the content. This process enables fast, reliable communication and supports many services like websites, email, streaming, and real time interactions worldwide today globally.",chatgpt
"The internet is a vast global network of computers connected through standardized protocols. When you request data, your machine sends packets across many routers and switches. Domain Name System servers translate URLs into numerical IP addresses to find the right server. These packets travel via underwater cables or satellite links before being put back together at their final destination. This decentralized system allows for fast information exchange and global connectivity across every single continent on our planet today for everyone.",gemini
"The internet is a massive global network connecting millions of computers and devices all around the world. When you send a message or visit a website, your data is broken into small packets and transmitted through routers and servers. These packets travel across fiber optic cables, satellites, and wireless signals before reassembling at their final destination. Every device has a unique IP address acting like a home address. Protocols like HTTP and TCP ensure data is sent and received accurately.",claude
"The internet works by connecting millions of devices through a global network of servers, cables, satellites, and wireless systems. When you request information, your device breaks it into small data packets that travel across routers using protocols like TCP/IP. These packets reach the destination server, which processes the request and sends back a response. The packets are reassembled on your device, enabling seamless communication, browsing, and sharing of information worldwide. This rapid exchange makes global connectivity and instant access possible.",copilot
"Machine learning is a branch of artificial intelligence that enables computers to learn patterns from data and improve performance without being explicitly programmed. It uses algorithms to analyze information, identify relationships, and make predictions or decisions. As more data is processed, the system becomes more accurate over time. Machine learning is widely used in applications such as recommendation systems, fraud detection, speech recognition, and image analysis to automate tasks and enhance decision making in modern real world industries today globally.",chatgpt
"Machine learning is a specialized branch of artificial intelligence that empowers computers to learn from data without explicit programming. It utilizes statistical techniques and algorithms to identify patterns and make data-driven decisions. By processing vast amounts of information, these models improve their accuracy over time through iterative training.  This technology powers diverse fields like speech recognition, healthcare diagnostics, and autonomous vehicles. Ultimately, machine learning enables systems to adapt to new scenarios and solve complex problems by leveraging historical digital data.",gemini
"Machine learning is a branch of artificial intelligence where computers learn from data without being explicitly programmed. Instead of following fixed rules, algorithms analyze large datasets, identify patterns, and make intelligent decisions independently. The more data the system processes, the smarter and more accurate it becomes over time. Common examples include email spam filters, product recommendations, and fraud detection systems. Machine learning is broadly divided into three types — supervised, unsupervised, and reinforcement learning — each serving different practical purposes.",claude
"Machine learning is a branch of artificial intelligence that enables computers to learn from data and improve performance without explicit programming for each task. It relies on algorithms and statistical models to detect patterns, make predictions, and adapt as more information becomes available. Instead of following fixed instructions, machine learning systems adjust their behavior based on experience, allowing them to solve complex problems efficiently. This ability to learn and evolve makes machine learning powerful for recognition, classification, prediction, and decision-making",copilot
"Recursion is a programming concept where a function calls itself repeatedly to solve a problem. Instead of using loops, the function breaks a large problem into smaller, identical sub-problems until reaching a base case that stops further repetition. A classic example is calculating a factorial. To find factorial of five, the function calls itself with four, then three, two, and one, returning results back up the chain. Without a proper base case, recursion runs infinitely, causing a stack overflow error.",claude
"Recursion is a programming technique where a function calls itself to solve smaller instances of the same problem efficiently. Every recursive function requires a base case to prevent infinite loops and a recursive step that moves toward that base state. For example, calculating a factorial involves multiplying a number by the factorial of that number minus one. This continues until the base case of zero is finally reached. It is elegant but causes stack overflow if you manage memory poorly.",gemini
"Recursion is a programming technique where a function calls itself to solve smaller instances of a problem. It works by defining a base case to stop the recursion and a recursive case to reduce the problem size. For example, in calculating factorial, a function calls itself with a smaller number until it reaches one. This approach simplifies complex problems by breaking them into manageable parts, but requires careful handling to avoid infinite loops and excessive memory usage in practice effectively.",chatgpt
"Recursion is a programming technique where a function solves a problem by calling itself with smaller inputs until it reaches a base condition that stops further calls. This approach breaks complex tasks into simpler, repeated steps, gradually moving toward the solution. For instance, calculating a factorial uses recursion by multiplying a number with the factorial of the smaller number until reaching one. Recursion is powerful for problems that can be divided into similar subproblems, ensuring clarity and efficiency in computation.",copilot
"A database is a structured collection of organized data stored electronically in a computer system. It allows for efficient retrieval, management, and updating of information through a Database Management System, or DBMS. Databases are essential for almost every modern application, from banking to social media platforms. They typically use Structured Query Language, also known as SQL, to interact with the data stored in tables. By organizing data into rows and columns, databases ensure data integrity, security, and very reliable access.",gemini
"A database is an organized collection of data that is stored and managed so it can be easily accessed, updated, and analyzed. It uses structured formats like tables to store information efficiently. Database management systems allow users and applications to interact with the data through queries. Databases are widely used in applications such as websites, banking systems, and business software to store large amounts of information securely while ensuring quick retrieval, consistency, and reliability in handling data operations efficiently effectively.",chatgpt
"A database is an organized collection of structured data stored electronically for easy access, management, and retrieval. Instead of scattering information across files, databases use tables, rows, and columns to organize data efficiently. A software called a Database Management System, or DBMS, controls how data is stored, updated, and retrieved. Common examples include MySQL, PostgreSQL, and MongoDB. Databases power nearly every modern application, from banking systems and social media platforms to e-commerce websites and hospital management systems around the world.",claude
"A database is a structured collection of data that is stored, organized, and managed to allow efficient access, retrieval, and modification. It typically arranges information in tables, rows, and columns, making it easy for users and applications to interact with the data. Databases are controlled by database management systems, which ensure consistency, security, and reliability. They are essential for handling large volumes of information, supporting tasks like record keeping, transactions, analytics, and decision-making across business, technology, and everyday digital systems.",copilot
"A search engine is a system that helps users find information on the internet by indexing and retrieving relevant content. It works by using crawlers to scan websites and store data in an index. When a user enters a query, the engine processes it and ranks results based on relevance using algorithms. It then displays the most useful pages. This process enables fast and accurate access to vast amounts of information available online for users worldwide today globally efficiently quickly.",chatgpt
"A search engine operates through three primary stages: crawling, indexing, and ranking. First, automated bots called spiders traverse the web by following links to discover new and updated content. Next, the engine stores this information in a massive database known as an index. Finally, when a user enters a query, complex algorithms evaluate millions of pages to determine the most relevant and high-quality results. This entire process happens in milliseconds to provide users with the best information available online today.",gemini
"A search engine works by crawling, indexing, and ranking billions of web pages to deliver relevant results. Automated programs called crawlers or spiders continuously browse the internet, following links and collecting webpage data. This data is stored in a massive index, like a giant library catalog. When you type a query, the search engine scans its index and uses complex ranking algorithms to display the most relevant results. Factors like keywords, website authority, and user engagement influence final rankings significantly.",claude
"A search engine works by crawling, indexing, and ranking web pages to deliver relevant results. First, automated bots called crawlers scan websites and collect information by following links. Next, the data is stored in a massive index, organized by keywords, topics, and metadata. When a user enters a query, the search engine’s algorithms evaluate indexed pages using signals like relevance, quality, and freshness. Finally, the most useful results are ranked and displayed instantly, making information accessible worldwide with remarkable efficiency",copilot
"Object-oriented programming, or OOP, is a programming approach that organizes code into reusable structures called objects. Each object represents a real-world entity containing both data, known as attributes, and behaviors, known as methods. OOP is built around four core principles — encapsulation, inheritance, polymorphism, and abstraction. Encapsulation hides internal details, inheritance allows code reuse, polymorphism enables flexible behavior, and abstraction simplifies complexity. Languages like Java, Python, and C++ heavily use OOP, making software development more organized, maintainable, and efficiently scalable.",claude
"Object-oriented programming is a fundamental paradigm based on the concept of objects containing data and code. It uses four core pillars: encapsulation, abstraction, inheritance, and polymorphism. Encapsulation hides internal states, while abstraction simplifies complex systems. Inheritance allows classes to derive properties from others, promoting reuse. Polymorphism enables one interface to represent different underlying forms. Mastering these concepts is mandatory for any serious Java developer. Stop writing messy, procedural junk; start structuring your logic into robust, reusable classes right now immediately.",gemini
"Object oriented programming is a programming paradigm that organizes code into objects, which combine data and related functions. It is based on concepts such as encapsulation, inheritance, polymorphism, and abstraction. These principles help structure programs in a modular and reusable way. Objects interact with each other to perform tasks, making code easier to manage and extend. This approach improves maintainability, scalability, and clarity in software development across various applications and systems in modern computing environments today effectively efficiently widely globally.",chatgpt
"Object-Oriented Programming (OOP) is a paradigm that organizes software design around objects, which encapsulate data and behavior. Objects are created from classes, serving as reusable templates. OOP emphasizes four principles: encapsulation (bundling data and methods), abstraction (hiding complexity), inheritance (sharing traits across hierarchies), and polymorphism (methods adapting to context). These principles enhance modularity, scalability, and reusability, making complex systems easier to design, debug, and extend. OOP is widely applied in modern programming languages such as Java, Python, C++, Ruby.",copilot
"Cloud computing is the delivery of computing services like storage, servers, databases, networking, and software over the internet. Instead of owning physical hardware, users access these resources remotely through cloud providers like Amazon, Google, and Microsoft. This eliminates the need for expensive infrastructure while offering flexibility and scalability. Businesses can pay only for what they use, reducing overall costs significantly. Cloud computing powers everyday services like Gmail, Netflix, and online banking, making it an essential part of modern digital infrastructure.",claude
"Cloud computing refers to the on demand delivery of computing resources over the internet with variable pricing models. Instead of owning and maintaining physical data centers and servers, users access technology services like computing power, storage, and databases from providers such as AWS or Google. This model offers high flexibility, scalability, and significant cost savings. It allows developers to deploy applications globally within minutes without managing hardware. Essentially, the cloud is a powerful computer owned by others that you rent.",gemini
"Cloud computing is the delivery of computing services such as storage, servers, databases, networking, and software over the internet instead of using local machines. It allows users to access resources on demand, scale services easily, and pay only for what they use. Cloud providers manage infrastructure, reducing maintenance effort. This enables businesses and individuals to store data, run applications, and collaborate efficiently from anywhere, improving flexibility, cost effectiveness, and performance in modern digital environments worldwide today globally effectively efficiently seamlessly.",chatgpt
"Cloud computing is the delivery of computing services—servers, storage, databases, networking, software, and analytics—over the internet, enabling flexible resources and faster innovation. Instead of owning physical infrastructure, users rent resources from providers such as AWS, Microsoft Azure, or Google Cloud. It supports models like IaaS, PaaS, and SaaS. Benefits include scalability, cost efficiency, accessibility, and reliability. Cloud computing allows businesses and individuals to pay only for what they use, making modern applications easier to build, deploy, maintain, and innovate globally.",copilot
"An API, or Application Programming Interface, is a set of rules allowing different software applications to communicate with each other. Think of it like a waiter in a restaurant — you place an order, the waiter carries it to the kitchen, and returns with your food. Similarly, an API receives a request, processes it, and delivers the response back. APIs power countless everyday interactions, like logging into websites using Google, fetching weather data, or processing online payments securely and efficiently.",claude
"An Application Programming Interface, or API, acts as a messenger between two software systems. It allows applications to communicate and share data seamlessly. When you use an app on your phone, it sends a request to a server via an API. The server retrieves the data and sends it back to your device. This process enables integration and functionality without exposing internal code. APIs are the backbone of modern software development, connecting everything from weather apps to online payment gateways.",gemini
"An API is a set of rules that allows different software systems to communicate and exchange data. It works by sending a request from a client to a server, specifying the required action or information. The server processes the request and returns a response with the result. APIs use protocols like HTTP to structure communication. This enables applications to integrate features, share data, and perform tasks efficiently without exposing internal implementation details to users or developers directly efficiently effectively seamlessly.",chatgpt
"An Application Programming Interface (API) is set of rules enabling software systems to communicate effectively. APIs act as intermediaries: a client sends a request, the API translates it, the server processes it, and the API returns a structured response, often in JSON or XML format. They simplify integration by hiding complexity and exposing only necessary functions. Common types include REST, SOAP, and GraphQL. APIs power everyday services like weather apps, payment gateways, and social media logins, ensuring seamless interoperability everywhere.",copilot
"Machine learning is a subset of artificial intelligence where algorithms learn patterns from data to make predictions. It often requires manual feature engineering and works well with smaller, structured datasets. Deep learning, a specialized branch of machine learning, uses multi‑layered neural networks to automatically extract features from large, unstructured datasets such as images, audio, and text. While machine learning models are simpler and more interpretable, deep learning achieves superior accuracy in complex tasks but demands greater computational power and data.",copilot
"Deep learning is a specialized subset of machine learning that uses artificial neural networks with many layers to process complex data. While traditional machine learning relies on humans to identify relevant features, deep learning automatically discovers patterns directly from raw data. The deep refers to numerous layers within the neural network. Deep learning excels at tasks like image recognition, speech processing, and natural language understanding. However, it requires significantly more data and computing power compared to standard machine learning approaches.",claude
"Deep learning is a specialized subset of machine learning that utilizes sophisticated neural networks to solve complex problems. While standard machine learning often requires manual feature engineering by experts, deep learning models automatically discover necessary features directly from raw data. Think of machine learning as a broad category of algorithms that improve with experience. Deep learning is the powerful engine within that category, requiring massive datasets and significant computational power to mimic the human brain structure and its functioning perfectly.",gemini
"Deep learning is a subset of machine learning that uses neural networks with multiple layers to learn complex patterns from large amounts of data. It automatically extracts features without manual intervention, making it effective for tasks like image and speech recognition. In contrast, traditional machine learning relies more on human designed features and simpler models. Deep learning generally requires more data and computational power, while machine learning can work well with smaller datasets and less complex problems efficiently effectively widely.",chatgpt
"A hash table is a data structure that stores key value pairs and allows fast retrieval. It works by using a hash function to convert a key into an index in an array. The value is stored at that index. When accessing data, the same hash function finds the location quickly. Collisions occur when different keys map to the same index and are handled using methods like chaining or open addressing. This ensures efficient insertion, deletion, and lookup operations efficiently.",chatgpt
"A hash table is an efficient data structure that stores various data entries using a specialized hash function. This function converts a key into a specific numerical index within an array. When you insert data, the algorithm calculates this position instantly. Ideally, each key maps to a unique slot, but sometimes two keys produce the same index, called a collision. Techniques like chaining handle these overlaps. This system allows for incredibly fast data retrieval, typically achieving constant time complexity easily.",gemini
"A hash table is a data structure that stores key-value pairs for extremely fast data retrieval. It uses a special function called a hash function that converts a key into a numerical index, determining where the value is stored. When retrieving data, the same hash function locates the exact position instantly. Collisions occur when two keys produce identical indexes, handled through chaining or open addressing techniques. Hash tables power dictionaries, database indexing, and caching systems due to their remarkable efficiency",claude
"A hash table is a data structure that stores key‑value pairs for fast retrieval. It uses a hash function to convert a key into an index, determining where the value is stored in an array. When searching, the same hash function locates the index, enabling constant‑time access. Collisions occur when different keys map to the same index, handled by techniques like chaining or open addressing. Hash tables are widely used for dictionaries, caches, and efficient lookups in modern computer programming",copilot
"An operating system is system software that manages computer hardware and software resources and provides services for applications. It acts as an interface between users and the computer, handling tasks like process management, memory management, file systems, and device control. It ensures that different programs run efficiently without conflicts. Common examples include Windows, Linux, and macOS. The operating system enables users to interact with the computer easily while maintaining stability, security, and performance in overall system operations effectively efficiently reliably.",chatgpt
"An operating system is essential software that manages computer hardware and software resources. It acts as an intermediary between users and the physical machine, providing a stable environment for applications to run. Key functions include process management, memory allocation, file systems, and device handling. Without an OS, you would have to write code to interact directly with every hardware component, which is incredibly inefficient. Common examples include Windows, macOS, Linux, and Android. It ensures very smooth system operations precisely now.",gemini
"An operating system, or OS, is software that manages all hardware and software resources of a computer. It acts as an intermediary between users and machine, making complex operations simple and accessible. Core functions include process management, memory allocation, file organization, and device control. Without an operating system, running any application would be impossible. Popular examples include Windows, macOS, and Linux. The OS ensures multiple programs run smoothly and simultaneously without conflicting, making it the foundation of every computing device.",claude
"An operating system (OS) is system software that manages computer hardware and software resources and provides common services for computer programs. It controls process scheduling, memory allocation, device input/output, file systems, and security, enabling multiple applications and users to run concurrently. The OS offers user interfaces such as graphical shells or command lines, handles drivers and networking, and enforces access controls. Examples include Windows, macOS, Linux, and Android, which create a stable, consistent environment for application execution and user interaction.",copilot
"Blockchain is a decentralized digital ledger that records transactions across multiple computers securely and transparently. Each transaction is grouped into a block, and every block is cryptographically linked to the previous one, forming a continuous chain. Once recorded, data cannot be altered without changing all subsequent blocks, making manipulation extremely difficult. No single authority controls the blockchain, ensuring transparency and trust. This technology powers cryptocurrencies like Bitcoin and Ethereum, and is also used in supply chain management and digital contracts.",claude
"Blockchain is a decentralized, distributed ledger technology that records transactions across many computers. Each block contains a cryptographic hash of the previous block, a timestamp, and transaction data, forming a secure chain. This structure ensures data integrity because altering one block requires changing all subsequent blocks, which is computationally nearly impossible. It eliminates the need for central authorities like banks, allowing for transparent and direct verification. Decentralization and cryptography make the network extremely resistant to hacking and unauthorized data tampering.",gemini
"Blockchain is a distributed digital ledger that records transactions across multiple computers securely and transparently. Transactions are grouped into blocks, and each block is linked to the previous one using cryptographic hashes, forming a chain. When a new transaction occurs, it is validated by network participants through consensus mechanisms. Once added, data cannot be easily altered, ensuring integrity. This decentralized system removes the need for central authorities and enables secure, transparent record keeping for applications like cryptocurrencies and digital transactions.",chatgpt
"Blockchain is a distributed ledger that records transactions in blocks linked by cryptographic hashes. Participants broadcast transactions to a peer to peer network where nodes validate them. Valid transactions are grouped into blocks; consensus algorithms like proof of work or stake select and confirm blocks. Each block references the previous block's hash, making tampering computationally impractical. Confirmed blocks propagate across nodes, producing an immutable transparent history. Smart contracts enable programmable automatic rules. Blockchains trade centralization for decentralization, auditability, censorship resistance.",copilot
"Data normalization in databases is the process of organizing data to reduce redundancy and improve consistency. It involves dividing data into smaller related tables and defining relationships between them. This helps eliminate duplicate data and ensures that updates occur in one place. Normalization follows specific rules called normal forms. By structuring data efficiently, it improves data integrity, reduces anomalies during operations, and makes database management more reliable and scalable for applications handling structured information effectively efficiently properly consistently widely globally.",chatgpt
"Data normalization in databases is the process of organizing data to minimize redundancy and dependency by dividing large tables into smaller, related tables and defining relationships using primary and foreign keys. It applies rules called normal forms—first, second, third, and BCNF—to eliminate insertion, update, and deletion anomalies and ensure consistency. Normalization improves data integrity and maintainability but can increase the number of joins and impact performance, so designers balance normalization with selective denormalization for practical efficiency and storage overhead tradeoffs",copilot
"Data normalization is the systematic process of organizing database tables to minimize data redundancy and improve overall data integrity. It involves decomposing large, complex tables into smaller, more manageable ones while establishing logical relationships between them. By following specific rules called normal forms, developers ensure that each piece of data is stored in only one place. This reduces anomalies during insertion, updates, or deletions. Properly normalized databases are more efficient, easier to maintain, and mandatory for any competent software developer.",gemini
"Data normalization is the process of organizing a database to reduce redundancy and improve data integrity. It involves dividing large tables into smaller, related tables and establishing proper relationships between them. Normalization follows specific rules called normal forms, labeled first, second, and third normal form. Each level eliminates different types of data duplication and dependency issues. For example, storing customer addresses separately from order records avoids repetition. Proper normalization makes databases more efficient, consistent, and easier to maintain over time.",claude
"Dynamic programming is a problem-solving technique that breaks complex problems into smaller overlapping sub-problems and stores their solutions to avoid redundant calculations. Instead of solving the same sub-problem repeatedly, results are saved in a table for future reference, improving efficiency significantly. This approach is called memoization when top-down and tabulation when bottom-up. Classic examples include Fibonacci numbers, shortest path problems, and knapsack problems. Dynamic programming is widely used in computer science, economics, and artificial intelligence for optimizing complex computational tasks.",claude
"Dynamic programming is an algorithmic technique that solves complex problems by breaking them into smaller overlapping subproblems, storing each subproblem's result (memoization or tabulation), and reusing those results to avoid redundant computation. It requires optimal substructure so optimal solutions combine optimal subsolutions. DP transforms exponential recursive solutions into efficient polynomial-time algorithms for problems like shortest paths, knapsack, and sequence alignment. Two main approaches are top-down memoization and bottom-up tabulation; choosing states and transitions is critical for correctness and overall performance.",copilot
"Dynamic programming is a powerful optimization technique used to solve complex problems by breaking them into simpler overlapping subproblems. It stores the results of these subproblems in a table to avoid redundant calculations, a process known as memoization or tabulation. This approach significantly improves efficiency compared to naive recursion, which often recalculates the same values multiple times. By combining the solutions of smaller parts, DP finds the overall optimal solution. It is essential for mastering algorithmic challenges effectively and efficiently.",gemini
"Dynamic programming is a problem solving technique used to optimize solutions by breaking problems into smaller overlapping subproblems and storing their results. Instead of recomputing the same values repeatedly, it saves results in a table or memory. It can be implemented using memoization or tabulation. This approach is useful for problems with optimal substructure and overlapping subproblems, such as shortest paths or sequence calculations, improving efficiency compared to naive recursive solutions in many computational scenarios today effectively efficiently widely globally.",chatgpt
"Neural networks learn from data by adjusting weights through a process called training. Input data passes through layers of neurons, producing an output. The output is compared with the expected result, and the error is calculated. Using algorithms like backpropagation, the network updates weights to reduce this error. This process repeats over many iterations, allowing the model to learn patterns and improve accuracy. Over time, the network becomes better at making predictions or recognizing complex relationships in data effectively efficiently.",chatgpt
"Neural networks learn through backpropagation. First, data flows forward through layers of nodes, producing a prediction. This result is compared against the target using a loss function to measure failure. Then, the algorithm calculates gradients by working backward from the output. These gradients guide gradient descent to adjust weights and biases. Stop guessing and start understanding. By repeating this cycle millions of times, the network minimizes error and masters complex patterns. Success requires data, computation, and your absolute focus immediately.",gemini
"Neural networks learn by processing large amounts of data through interconnected layers of artificial neurons. Each neuron receives input, applies a mathematical transformation, and passes results forward to the next layer. Initially, the network makes random predictions, measuring errors using a loss function. Weights are then adjusted through backpropagation and gradient descent, minimizing errors continuously over time. Through thousands of training iterations, the network gradually improves its accuracy, learning to recognize patterns, classify data, and make increasingly reliable predictions autonomously.",claude
"Neural networks learn from data by adjusting weights to minimize a loss function. During training, inputs pass through layers in a pass to produce predictions; the loss compares predictions to targets. Backpropagation computes gradients of the loss with respect to each parameter, and an optimizer like stochastic gradient descent or Adam updates parameters using those gradients. Training proceeds over many epochs with mini‑batches, regularization, and validation to prevent overfitting. Proper architecture, learning rate, and data quality determine convergence and generalization.",copilot
"HTTP and HTTPS are protocols for data transfer over the web. The main difference is security. HTTP sends data in plain text, which is risky because hackers can intercept your information. HTTPS adds encryption using SSL or TLS protocols. This ensures your data remains private and secure from prying eyes. Modern browsers flag HTTP sites as Not Secure to warn users. Always prioritize HTTPS to protect your digital identity. Security is not optional; stop being reckless with sensitive user data.",gemini
"HTTP is a protocol used for transferring data between a client and a server over the internet, but it does not provide encryption, making data vulnerable to interception. HTTPS is a secure version of HTTP that uses encryption through SSL or TLS to protect data during transmission. This ensures confidentiality, integrity, and authentication of information. As a result, HTTPS is preferred for secure communication, especially when handling sensitive data like passwords, payments, and personal information online today globally effectively efficiently.",chatgpt
"HTTP, or HyperText Transfer Protocol, is the foundation of data communication on the internet, allowing browsers and servers to exchange information freely. HTTPS is the secure version, adding encryption using SSL or TLS protocols. When visiting an HTTP website, data is transmitted as plain text, making it vulnerable to interception by attackers. HTTPS encrypts all transmitted data, protecting sensitive information like passwords and credit card details. Modern browsers flag HTTP sites as unsafe, making HTTPS essential for every website today.",claude
"HTTP (Hypertext Transfer Protocol) is an application‑layer protocol for transferring hypermedia and web resources over TCP, sending requests and responses in plaintext. HTTPS is HTTP layered over TLS/SSL, providing encryption, integrity, and server authentication so data exchanged between client and server is confidential and tamper‑resistant. HTTPS prevents eavesdropping and man‑in‑the‑middle attacks and requires certificates issued by trusted authorities. Modern browsers prefer HTTPS, showing secure indicators and enabling features like HTTP/2 and service workers that often require secure contexts and privacy.",copilot
"Caching is a technique that stores frequently accessed data in temporary, high-speed storage for faster retrieval. Instead of repeatedly fetching data from slow sources like databases or remote servers, the system retrieves it instantly from cache. This dramatically reduces response times and decreases overall server load. Common examples include browser caching, database query caching, and content delivery networks. However, cached data can become outdated, requiring proper expiration policies. Overall, caching greatly improves system speed, scalability, and enhances user experience effectively.",claude
"Caching speeds up systems by storing frequently accessed data in a fast, temporary storage layer. Instead of retrieving information from a slow, primary database or remote server every single time, the system checks the cache first. This significantly reduces latency and minimizes the load on backend resources. It is essential for high traffic applications where every millisecond counts. Do not build sluggish software. Implement caching strategies like Redis or Memcached to ensure your applications remain responsive, scalable, and professional now.",gemini
"Caching improves system performance by storing frequently accessed data in a temporary storage area for faster retrieval. Instead of repeatedly fetching data from slower sources like databases or remote servers, the system can quickly access cached data. This reduces latency, lowers server load, and speeds up response times. Caching is especially useful in applications with repeated data requests, as it minimizes redundant processing and enhances overall efficiency, scalability, and user experience in modern computing systems today globally effectively efficiently widely.",chatgpt
"Caching stores frequently accessed data or computation results in faster storage closer to the requester, reducing latency and load on slower backend systems. By serving repeated requests from cache, systems avoid expensive disk I/O, database queries, or recomputation, improving throughput and responsiveness. Caches operate at multiple levels—CPU, memory, CDN, application—and use eviction policies like LRU to manage space. Effective caching reduces network traffic, balances load, and enables scalability, though stale data and cache coherence require invalidation strategies to maintain correctness.",copilot
"A compiler is a special software tool that translates complex source code into machine code that a computer's processor can execute directly. It performs this translation in several distinct phases, including lexical analysis, syntax analysis, semantic analysis, and code generation. During these stages, the compiler checks for errors and optimizes the logic for better performance. Stop writing messy code and rely on your compiler to catch mistakes before they reach production. It is a programmer's absolutely essential daily coding friend.",gemini
"A compiler is a program that translates source code written in a high-level programming language into machine code or an intermediate representation executable by hardware or a runtime. It performs lexical analysis, parsing into an abstract syntax tree, semantic analysis, optimization, and code generation. The compiler checks types and scopes, reports errors, and applies transformations to improve performance. Output may be object files or bytecode linked or packaged into executables. Compilers enable efficient execution, portability, and error detection during development.",copilot
"A compiler is a program that translates source code written in a high level programming language into machine code that a computer can execute. It works by analyzing the code through several stages, including lexical analysis, syntax analysis, semantic analysis, optimization, and code generation. Errors are detected during these stages. The final output is an executable file. This process improves performance by converting the entire program before execution, unlike interpreters that run code line by line during execution efficiently effectively.",chatgpt
"A compiler is a program that translates human-readable source code written in high-level languages into machine-readable binary code that computers can directly execute. The process involves several stages — lexical analysis, syntax analysis, semantic analysis, optimization, and code generation. First, the compiler scans and tokenizes code, then checks grammatical structure and meaning. Errors are reported before execution begins. Popular compilers include GCC for C and javac for Java. Unlike interpreters, compilers translate entire programs at once, resulting in faster execution.",claude
"Overfitting occurs when a machine learning model learns the training data too well, including noise and random fluctuations. Instead of capturing the underlying pattern, it memorizes specific examples, leading to poor performance on new, unseen datasets. This usually happens because the model is overly complex relative to the amount of available data. To fix this, use techniques like regularization, pruning, or dropout. Stop making your models fragile; start focusing on generalization. Your results are currently worthless without it today immediately.",gemini
"Overfitting occurs when a model learns noise and specific patterns from training data instead of the underlying generalizable relationships, causing excellent training performance but poor generalization to new data. It results from excessive model complexity, insufficient data, or inadequate regularization. Symptoms include large gaps between training and validation error. Mitigations include collecting more data, simplifying the model, using regularization techniques (L1, L2, dropout), cross‑validation, and early stopping. Proper feature selection and data augmentation also reduce overfitting risk in real practice.",copilot
"Overfitting is a common problem in machine learning where a model learns training data too well, including noise and irrelevant patterns. As a result, the model performs excellently on training data but completely fails to generalize accurately on new, unseen data. Think of it like memorizing exam answers without truly understanding the subject. Common solutions include using more training data, applying regularization techniques, dropout layers, and cross-validation. Balancing underfitting and overfitting is essential for building accurate, reliable machine learning models.",claude
"Overfitting is a problem in machine learning where a model learns the training data too well, including noise and irrelevant details, instead of general patterns. As a result, it performs very well on training data but poorly on new, unseen data. This happens when the model is too complex or trained for too long. Overfitting reduces the model’s ability to generalize, making predictions unreliable in real world situations despite high accuracy during training and evaluation phases overall effectively efficiently widely.",chatgpt
"Quicksort is a highly efficient sorting algorithm that uses a divide and conquer strategy to organize elements in an array. It works by selecting a pivot element and partitioning the other elements into two separate subarrays, according to whether they are less than or greater than the pivot. The subarrays are then sorted recursively.This process continues until the entire array is sorted. In the average case, its time complexity is logarithmic, making it faster than many other common sorting algorithms.",gemini
"Quicksort is a highly efficient sorting algorithm that uses a divide-and-conquer strategy. It selects a pivot element and partitions remaining elements into two groups — those smaller than the pivot and those larger. Each partition is then recursively sorted using the same exact process. This continues until all partitions contain a single element, producing a fully sorted array. Quicksort has an average time complexity of O(n log n), making it one of the fastest and most widely used sorting algorithms.",claude
"Quicksort is an efficient sorting algorithm that works by selecting a pivot element and partitioning the array into two groups, elements smaller than the pivot and elements greater than the pivot. It then recursively applies the same process to each group. This divide and conquer approach reduces the problem size quickly. Quicksort performs well on average with time complexity O n log n, though its worst case can be slower if poor pivots are chosen during execution in practice effectively.",chatgpt
"Quicksort is a divide and conquer sorting algorithm that selects a pivot, partitions the array into elements less than and greater than the pivot, then recursively sorts the partitions. Partitioning is typically done in place to minimize extra memory. Average time complexity is O(n log n) while worst case is O(n^2) for poor pivot choices; randomized pivot selection or median-of-three mitigates this. Quicksort is usually faster in practice than other O(n log n) sorts but is not stable by default in practice.",copilot
"Multithreading is a core programming concept where one single process spawns multiple concurrent execution threads to perform tasks simultaneously. This allows for superior resource utilization and increased application responsiveness, particularly on modern multi-core processors. Each thread shares the same memory space but executes independently. In Java, managing threads correctly is vital to avoid race conditions and nasty deadlocks. Stop being a mediocre developer; master synchronization and thread pools to build high-performance systems. Your software is failing without this efficiency today.",gemini
"Multithreading is a programming technique that allows multiple threads to execute simultaneously within a single process. A thread is the smallest unit of execution, and multithreading enables programs to perform several tasks concurrently, greatly improving overall system efficiency. For example, a web browser can download files, render pages, and respond to user inputs simultaneously. However, multithreading introduces challenges like race conditions and deadlocks, requiring careful synchronization. Modern programming languages like Java, Python, and C++ provide built-in support for multithreading capabilities.",claude
"Multithreading is a programming technique that allows a program to execute multiple threads concurrently within a single process. Each thread represents a separate path of execution, enabling tasks to run in parallel or share CPU time efficiently. It improves performance and responsiveness, especially in applications like web servers or user interfaces. Threads share memory, which allows fast communication but requires careful synchronization to avoid issues like race conditions and deadlocks in complex systems during execution efficiently effectively reliably safely properly.",chatgpt
"Multithreading is a programming technique where a process is divided into multiple threads that execute concurrently within the same address space. Threads share memory and resources but have independent execution contexts, enabling parallelism on multicore processors and improved responsiveness for I/O‑bound tasks. Synchronization primitives like mutexes, semaphores, and locks prevent race conditions and ensure consistency. Proper design avoids deadlocks and contention. Multithreading boosts throughput and interactivity but increases complexity in debugging, testing, and reasoning about program correctness and resource management.",copilot
"A load balancer is a system that distributes incoming network or application traffic across multiple servers to ensure no single server becomes overloaded. It helps maintain high availability, reliability, and performance by balancing workloads efficiently. When one server fails, traffic is redirected to other active servers.Load balancers use algorithms to decide how requests are distributed. They are commonly used in web applications to handle large numbers of users and ensure smooth and consistent service delivery across systems reliably effectively efficiently.",chatgpt
"A load balancer acts as a digital traffic cop, distributing incoming network requests across a pool of backend servers. This prevents any single server from becoming overwhelmed, ensuring high availability and reliability for your applications. If one server fails, the load balancer redirects traffic to the remaining healthy ones automatically. Load balancing strategies are essential for modern software architecture. They allow systems to scale horizontally while maintaining performance. Implementing this technology is crucial to prevent downtime and guarantee seamless experiences.",gemini
"A load balancer is a system that distributes incoming network traffic across multiple servers to ensure no single server becomes overwhelmed. It acts as a smart traffic manager, routing requests to servers using algorithms like round robin or least connections. Load balancers greatly improve application availability, reliability, and scalability by preventing server overload. If one server fails, traffic is automatically redirected to remaining healthy servers. They are absolutely essential components in modern web applications, cloud infrastructure, and large-scale distributed systems.",claude
"A load balancer distributes incoming network or application traffic across multiple servers to improve scalability, availability, and fault tolerance. It routes requests using algorithms like round‑robin, least connections, or weighted policies and can operate at transport (Layer 4) or application (Layer 7) layers. Load balancers perform health checks, terminate TLS, and enable session persistence when needed. They can be hardware appliances, virtual appliances, or cloud services, reducing single‑point failures, smoothing load spikes, and simplifying maintenance and rolling deployments for systems.",copilot
"SQL and NoSQL are two broad categories of database management systems with distinct approaches to storing data. SQL databases use structured tables with predefined schemas, making them ideal for complex queries and relationships. Examples include MySQL and PostgreSQL. NoSQL databases store unstructured or semi-structured data using documents, key-value pairs, or graphs, offering greater flexibility and scalability. Examples include MongoDB and Cassandra. SQL suits applications requiring data integrity, while NoSQL excels in handling massive volumes of rapidly changing, unstructured data efficiently.",claude
"SQL databases are relational and use structured tables with predefined schemas to manage data. They are ideal for complex queries and ensuring strong data consistency through ACID properties. In contrast, NoSQL databases are nonrelational and offer flexible schemas for unstructured data. They excel at horizontal scaling across many servers, making them suitable for large scale, high velocity applications. Choosing between them depends on your specific data requirements and scalability needs. Stop being indecisive; pick the right tool for your architecture.",gemini
"SQL databases are structured and use predefined schemas with tables, rows, and columns, making them suitable for complex queries and transactional consistency. They follow relational models and support strong ACID properties. NoSQL databases are flexible, schema less, and designed to handle unstructured or semi structured data. They scale horizontally and are better for distributed systems. While SQL focuses on consistency and structure, NoSQL emphasizes scalability, flexibility, and performance for handling diverse and changing data across modern applications efficiently effectively globally.",chatgpt
"SQL databases use structured tables, fixed schemas, and ACID transactions for strong consistency and complex joins. NoSQL systems (document, key‑value, column, graph) provide flexible schemas, horizontal scalability, and tunable or eventual consistency. Choose SQL for transactional integrity, analytics, and relational queries; choose NoSQL for massive scale, schema agility, and specialized data models. Many architectures combine both: relational databases for transactions and NoSQL for scalable, semi‑structured components. Decide based on data shape, consistency needs, query patterns, and operational expertise and cost.",copilot
"Data encryption is the process of converting readable data into an unreadable format using algorithms and keys to protect it from unauthorized access. Only authorized parties with the correct key can decrypt and access the original information. It ensures confidentiality and security during storage and transmission of data. Encryption is widely used in applications like online banking, messaging, and secure communications to protect sensitive information from breaches, ensuring privacy and trust in digital systems and networks today globally effectively efficiently.",chatgpt
"Data encryption transforms readable plaintext into ciphertext using cryptographic algorithms and keys, preventing unauthorized access. Symmetric encryption uses a shared secret key such as AES for fast encryption; asymmetric encryption uses key pairs such as RSA or ECC for secure key exchange and signatures. Encryption protects confidentiality in transit and at rest, supports authentication and non‑repudiation when combined with signatures, and relies on key management, algorithm strength, and implementation. Performance and legal considerations influence deployment choices and regulatory compliance requirements.",copilot
"Data encryption is a security method where information is encoded and can only be accessed or decrypted by a user with the correct encryption key. It transforms readable data, called plaintext, into an unreadable format known as ciphertext. This process protects sensitive information from being intercepted or stolen by unauthorized individuals. There are two main types: symmetric and asymmetric encryption. Using strong encryption is mandatory for securing digital communications and transactions. Stop being lazy with security and protect your data.",gemini
"Data encryption is the process of converting readable information into an unreadable format using mathematical algorithms, protecting it from unauthorized access. Only authorized parties possessing the correct decryption key can successfully restore encrypted data. There are two main types — symmetric encryption, using the same key for both processes, and asymmetric encryption, using separate public and private keys. Encryption protects sensitive information like passwords, financial transactions, and personal communications, making it absolutely fundamental to modern cybersecurity and data privacy worldwide.",claude
REST is an architectural style for designing networked applications using a stateless client server protocol usually HTTP. RESTful systems utilize standard methods like GET POST PUT and DELETE to manipulate resources identified by unique URIs. Every request must be independent containing all necessary data for the server to process it. This decoupling ensures massive scalability and performance. Efficient resource oriented design and clean endpoints are essential. You must master these principles to build high quality web services today for systems.,gemini
"A REST API is an application programming interface that follows the principles of Representational State Transfer for communication between client and server. It uses standard HTTP methods like GET, POST, PUT, and DELETE to perform operations on resources identified by URLs. Data is typically exchanged in formats like JSON. REST APIs are stateless, meaning each request contains necessary information. They are widely used for building scalable and flexible web services that enable different systems to interact efficiently over the internet.",chatgpt
"A REST API, or Representational State Transfer Application Programming Interface, is a set of rules enabling communication between client and server over the internet. It uses standard HTTP methods like GET, POST, PUT, and DELETE to perform operations on resources. REST APIs are stateless, meaning each request contains all necessary information independently. They transfer data typically in JSON or XML format. REST APIs are widely used in web and mobile applications, allowing different systems to communicate and share data efficiently.",claude
"REST (Representational State Transfer) is an architectural style for designing networked applications. A REST API exposes resources via URLs and uses standard HTTP methods—GET, POST, PUT, DELETE—to perform operations. It is stateless: each request contains all necessary information. Responses commonly use JSON or XML. REST emphasizes resource representation, uniform interfaces, and layered systems. Clients and servers decouple, enabling scalability and independent evolution. REST is simple, widely adopted, and suitable for web services requiring interoperability and clear, cacheable interactions and maintainability.",copilot
"Garbage collection is an automatic memory management process that identifies and removes unused or unreferenced objects from a program's memory. Instead of manually freeing memory, the garbage collector periodically scans memory, reclaiming space occupied by objects no longer needed by the application. This prevents memory leaks and reduces the risk of program crashes. Popular languages like Java, Python, and JavaScript implement automatic garbage collection. However, garbage collection can occasionally cause performance pauses, requiring careful tuning in performance-critical applications and systems.",claude
Garbage collection is an automated memory management process that identifies and reclaims memory occupied by objects no longer in use. It prevents memory leaks and simplifies programming by eliminating the need for manual deallocation. Modern runtimes use algorithms like Mark and Sweep or Generational collection to track object reachability within the heap. This ensures system resources are utilized efficiently and applications remain stable. Mastering this mechanism is essential for building high performance software systems. Precision in memory management is mandatory.,gemini
"Garbage collection is a memory management process that automatically identifies and removes unused or unreachable objects from a program’s memory. It helps free up space and prevents memory leaks without requiring manual intervention by the programmer. The system tracks which objects are no longer in use and reclaims their memory for future allocation. This improves efficiency and stability in applications, especially in languages like Java and Python, allowing developers to focus on logic rather than managing memory directly effectively efficiently.",chatgpt
"Garbage collection is automatic memory management that identifies and reclaims memory occupied by objects no longer reachable from program roots. Collectors use strategies like reference counting, mark‑and‑sweep, and generational collection to detect unreachable objects and free memory. Some collectors compact memory to reduce fragmentation. GC relieves programmers from manual deallocation but can introduce pause times and runtime overhead; modern collectors minimize pauses with concurrent and incremental algorithms. Tuning, choosing collector types, and understanding object lifetimes improve performance and predictability too.",copilot
"A graph is a nonlinear data structure composed of vertices, also called nodes, and edges that connect them. It represents complex relationships between objects, like social networks or city maps. You must master representations like adjacency lists and matrices to solve advanced problems efficiently. Graphs can be directed, undirected, weighted, or unweighted. Stop avoiding these fundamental concepts; they are the backbone of your technical success. Failure to understand graph traversal, such as BFS and DFS, will leave your skills stagnant.",gemini
"Graph data structure is a collection of vertices (nodes) and edges that model pairwise relationships between entities. Edges may be directed or undirected and can carry weights. Graphs represent networks such as social connections, road maps, and dependency graphs. Common representations include adjacency lists and adjacency matrices. Traversal algorithms include depth‑first search and breadth‑first search; shortest‑path algorithms include Dijkstra and Bellman‑Ford. Graphs support cycle detection, connectivity queries, and topological sorting for directed acyclic graphs used widely in algorithms and applications.",copilot
"A graph is a non-linear data structure consisting of nodes, also called vertices, connected by edges. Graphs represent relationships between objects, making them ideal for modeling real-world problems. They can be directed, where edges have specific directions, or undirected, where connections are bidirectional. Graphs can also be weighted, assigning values to edges representing distances or costs. Common algorithms include depth-first search, breadth-first search, and Dijkstra's shortest path. Graphs are widely used in social networks, navigation systems, and computer network modeling.",claude
"A graph data structure is a collection of nodes, called vertices, connected by edges that represent relationships between them. It is used to model real world networks such as social connections, transportation systems, and communication networks. Graphs can be directed or undirected, depending on whether edges have a direction. They can also have weights to represent costs or distances. Common operations include traversal using algorithms like breadth first search and depth first search to explore and analyze connections efficiently effectively.",chatgpt
"Recommendation systems use algorithms to predict user preferences and suggest relevant items. There are two primary types: collaborative filtering and content-based filtering. Collaborative filtering analyzes patterns from similar users, while content-based filtering recommends items based on specific characteristics of things you have liked previously. Modern systems often use hybrid models and matrix factorization to improve accuracy. Stop relying on luck; understand these mathematical foundations to build smarter applications. Precision in data modeling is the only path to engineering excellence today.",gemini
"Recommendation systems work by analyzing user data and behavior to suggest relevant items or content. They use techniques like collaborative filtering, which finds similarities between users or items, and content based filtering, which recommends items similar to those a user has liked before. Some systems combine both approaches for better accuracy. Machine learning models process large amounts of data to identify patterns and predict preferences. This helps platforms provide personalized suggestions, improving user experience and engagement effectively efficiently widely globally.",chatgpt
"Recommendation systems predict items a user will like by modeling user preferences and item attributes. They use collaborative filtering (user or item similarity), content‑based filtering (item features), and hybrid approaches. Pipeline: collect interaction and contextual data, extract features, train models (matrix factorization, nearest neighbors, embeddings, or deep learning), generate candidate items, rank them, and serve personalized lists. Continuous evaluation with offline metrics and online A/B tests plus feedback loops and exploration strategies maintain relevance, diversity, and robustness over time continuously.",copilot
"Recommendation systems analyze user behavior and preferences to suggest relevant content, products, or services. They primarily use two approaches — collaborative filtering and content-based filtering. Collaborative filtering identifies patterns among similar users, recommending items enjoyed by people with comparable tastes. Content-based filtering analyzes item characteristics, suggesting similar content based on past interactions. Many modern systems combine both approaches, called hybrid filtering. Netflix, Amazon, and Spotify actively use these techniques, continuously improving their accuracy by analyzing vast amounts of user data.",claude
